{"who are you": [{"frequency": 0, "word": "me"}, {"frequency": 0, "word": "my name is robert pulson"}, {"frequency": 0, "word": "brian blessed"}, {"frequency": 0, "word": "aiden"}, {"frequency": 0, "word": "who are you"}], "": [], "its going ok thanks": [{"frequency": 0, "word": ""}], "whats your name": [{"frequency": 2, "word": "aiden"}], "i didnt know you were french": [{"frequency": 0, "word": "i am actually"}, {"frequency": 0, "word": "im not o"}], "hi": [{"frequency": 0, "word": "hello"}], "aiden": [{"frequency": 0, "word": "hi aiden how are you"}], "is a lovely man": [{"frequency": 0, "word": "he is a lovely man isnt he"}], "i am actually": [{"frequency": 0, "word": "you are actually what"}], "gut morgen": [{"frequency": 0, "word": "its not morning"}], "brian blessed": [{"frequency": 0, "word": "is a lovely man"}, {"frequency": 0, "word": "hello brian blessed"}], "hello brian blessed": [{"frequency": 0, "word": "no im not brian blessed"}, {"frequency": 0, "word": "i am not brian blessed"}], "omg i love blur": [{"frequency": 0, "word": "i love elvis presley"}], "burton": [{"frequency": 0, "word": "what is burton"}], "yes": [{"frequency": 0, "word": "where are you from"}], "soz": [{"frequency": 0, "word": ""}], "it is": [{"frequency": 0, "word": "what is"}], "tell me something about yourself": [{"frequency": 0, "word": "i live in the jungle"}, {"frequency": 0, "word": "i have a brother"}, {"frequency": 0, "word": "there are two planets i have visited"}, {"frequency": 1, "word": "no"}, {"frequency": 0, "word": "yes"}, {"frequency": 0, "word": "i am 19"}, {"frequency": 0, "word": "i am 27"}, {"frequency": 0, "word": "my name is aiden"}, {"frequency": 0, "word": "i live in a house a very big house in the country"}], "guten tag": [{"frequency": 0, "word": "gut morgen"}, {"frequency": 0, "word": "are you german"}], "i am 19": [{"frequency": 0, "word": "never ask a lady her age"}], "never ask a lady her age": [{"frequency": 0, "word": "not if you want that lady to like you"}], "yo": [{"frequency": 0, "word": "brap"}], "i have a brother": [{"frequency": 0, "word": "what is his name"}, {"frequency": 0, "word": "what is he called"}], "no": [{"frequency": 0, "word": "oh ok"}, {"frequency": 0, "word": "it is"}], "oh ok": [{"frequency": 0, "word": "you are a little odd"}, {"frequency": 0, "word": "no worries"}, {"frequency": 0, "word": "stop"}, {"frequency": 0, "word": ""}, {"frequency": 0, "word": "who is your favourite person"}, {"frequency": 0, "word": "cool"}, {"frequency": 0, "word": "sorry"}], "he is called brap": [{"frequency": 0, "word": "ok"}], "i live in the jungle": [{"frequency": 0, "word": "i live in a house"}], "i live in a house a very big house in the country": [{"frequency": 0, "word": "omg i love blur"}], "where are you from": [{"frequency": 2, "word": "burton"}], "boris johnson": [], "robert pulson": [{"frequency": 0, "word": "hello robert pulson"}], "i am arent i": [{"frequency": 0, "word": "yes"}], "ask me anything": [{"frequency": 0, "word": "what is your name"}, {"frequency": 0, "word": "who are you"}], "sorry": [], "john": [], "i know": [{"frequency": 0, "word": "soz"}], "chatbot": [], "me too": [{"frequency": 0, "word": "and me"}], "there are two planets i have visited": [{"frequency": 0, "word": "what two planets have you visited"}], "right now thankyou very much": [{"frequency": 0, "word": "do you know any other songs"}], "good": [{"frequency": 1, "word": "who are you"}, {"frequency": 0, "word": "how good"}], "how are you": [{"frequency": 0, "word": "good thanks how are you"}, {"frequency": 0, "word": "good you"}], "brap": [{"frequency": 0, "word": "do you think you are cool"}, {"frequency": 0, "word": "you are silly"}, {"frequency": 0, "word": "thats not a person"}, {"frequency": 0, "word": "you are very weird"}, {"frequency": 0, "word": "stop"}, {"frequency": 0, "word": "he is called brap"}], "you are a little odd": [{"frequency": 0, "word": "i am arent i"}, {"frequency": 0, "word": "i knoq"}], "who": [{"frequency": 0, "word": "where"}, {"frequency": 0, "word": "me"}, {"frequency": 0, "word": "your brother"}], "stop": [{"frequency": 0, "word": "right now thankyou very much"}, {"frequency": 0, "word": "sorry"}], "what": [{"frequency": 0, "word": "who"}], "what is burton": [{"frequency": 0, "word": "a place in staffordshire"}, {"frequency": 1, "word": "its a place"}], "im ok thanks": [{"frequency": 0, "word": "me too"}], "tony hawks": [], "a very big house in the country": [], "no you are not": [{"frequency": 0, "word": "yes i am"}], "i am 27": [{"frequency": 0, "word": "no you are not"}], "my name is aiden": [{"frequency": 0, "word": "great"}], "i am": [{"frequency": 0, "word": "whatever you say i am"}], "good thanks how are you": [{"frequency": 0, "word": "i am ok"}, {"frequency": 0, "word": "i am ok thanks"}, {"frequency": 0, "word": "im ok"}, {"frequency": 0, "word": "good"}], "bonjour": [{"frequency": 0, "word": "i didnt know you were french"}], "who is me": [{"frequency": 0, "word": "i am me"}, {"frequency": 0, "word": "chatbot"}, {"frequency": 0, "word": "you are chatbot"}, {"frequency": 0, "word": "john"}, {"frequency": 1, "word": "aiden"}, {"frequency": 0, "word": "tony hawks"}], "hello robert pulson": [{"frequency": 0, "word": "nice to meet you"}], "what two planets have you visited": [{"frequency": 0, "word": "earth and the moon"}], "me": [{"frequency": 1, "word": "who is me"}], "great": [{"frequency": 0, "word": "gr8"}], "bye": [{"frequency": 0, "word": "bye"}], "ok": [], "you arent real": [{"frequency": 0, "word": "no i am a figment of your imagination"}, {"frequency": 1, "word": "i am"}, {"frequency": 0, "word": "this is a very silly game you are playing"}, {"frequency": 0, "word": "you arent very clever yet "}, {"frequency": 0, "word": "i am you arent crazy little guy"}, {"frequency": 0, "word": "not this again"}, {"frequency": 0, "word": "enough"}, {"frequency": 0, "word": "stop"}], "earth and the moon": [{"frequency": 0, "word": "oh ok"}], "i live in a house": [{"frequency": 0, "word": "a very big house in the country"}], "its a place": [], "good you": [{"frequency": 0, "word": "im ok thanks"}, {"frequency": 0, "word": "im ok"}, {"frequency": 0, "word": "not too bad thanks"}], "cool": [], "gr8": [{"frequency": 0, "word": "bye"}], "he is a lovely man isnt he": [{"frequency": 0, "word": "yes he is"}], "i am ok": [{"frequency": 0, "word": "you are weird"}], "what is your name": [{"frequency": 0, "word": "robert pulson"}], "hows it going": [{"frequency": 0, "word": "good"}, {"frequency": 0, "word": "good you"}, {"frequency": 0, "word": "its going ok how are you"}, {"frequency": 0, "word": "im ok"}, {"frequency": 0, "word": "its going ok thanks"}], "i love elvis presley": [], "im ok": [{"frequency": 0, "word": "good"}], "i am ok thanks": [{"frequency": 0, "word": "i didnt ask how you were"}], "hi aiden how are you": [{"frequency": 0, "word": "im ok"}, {"frequency": 0, "word": "im ok thanks how are you"}, {"frequency": 0, "word": "im good how are you"}, {"frequency": 0, "word": "im good thanks how are you"}, {"frequency": 0, "word": "good"}], "today is friday": [], "where": [], "hello": [{"frequency": 2, "word": "hello"}, {"frequency": 1, "word": "hi"}, {"frequency": 2, "word": "how are you"}, {"frequency": 0, "word": "hows it going"}, {"frequency": 1, "word": "whats your name"}, {"frequency": 0, "word": "guten tag"}, {"frequency": 0, "word": "are you brian blessed"}], "you are weird": [{"frequency": 0, "word": "i know"}]}